[{"id":"1ef9a31b9f0901b062c908d54f","class":"sheet","title":"Map 1","rootTopic":{"id":"1ae8d219409aba95b4dbfa6401","class":"topic","title":"Mobile User duplicate seat allocation","structureClass":"org.xmind.ui.fishbone.leftHeaded","children":{"attached":[{"id":"3a7becdb94aae2034a5b19e78d","title":"Client Side","children":{"attached":[{"title":"Routine handling for seat allocation allowing duplicate allocation within short amount of time","id":"64d09053-1362-4720-aa5a-bd0cee2b29c5","children":{"attached":[{"title":"Unable to communicate with database due to network","id":"0deac7cb-e47b-4382-998f-00009e8672bc"}]}},{"title":"Users trying to manipulate app","id":"ecd625c0-7123-48c8-8721-4d9e3dc48d3c","position":{"x":395.5085296108589,"y":-56},"children":{"attached":[{"title":"Abusing the local database (SQLite) and copying tokens/ auth  ","id":"79ad381a-7508-449c-a024-9ddfa0d979e3"}]}}]}},{"id":"0ee8e1903eca103b8f3a39ee17","title":"Backend","children":{"attached":[{"title":"Improper handling of post and get requests","id":"e2196723-5400-4ba4-a877-737aaf2ecb6f","children":{"attached":[{"title":"Sending Same response to different requests or tokens","id":"a0eb8f36-816d-4285-a7f4-b3663fd2aa59"}]}},{"title":"Synchronization Error","id":"b02e12dd-c452-4d32-a52e-91790fa0d87a","children":{"attached":[{"title":"Same seat data sent to clients due to improper implementation of synchronous assignment  ","id":"5ce7e67a-4a33-40c6-976b-ea8ab21644fb"}]}}]}},{"id":"312b28cb527af2a2ede5498c36","title":"Authentication","children":{"attached":[{"title":"Authentication Handling mistake","id":"5470d130-4fdb-4b65-a90e-c18c2d6cc8e3","children":{"attached":[{"title":"Misconfigured authentication assigning same tokens","id":"fdc63072-5af9-4c5f-ac0f-b08e23912784"}]}}]}},{"title":"Vendor","id":"2737fde8-0726-49f7-bdc3-d71f1f28a2c8","children":{"attached":[{"title":"Misinformation or Unchecked data provided by Vendor ","id":"4c58436b-7cad-4c43-8804-b620673ab9bd","children":{"attached":[{"title":"Data not sanitized before being entered into database. ","id":"cdcaebed-2364-43f6-9d61-14128c03edcf"}]}}]}}]},"extensions":[{"content":[{"content":"2","name":"right-number"}],"provider":"org.xmind.ui.map.unbalanced"},{"provider":"org.xmind.ui.spreadsheet","content":[{"name":"columns","content":[{"name":"column","content":"Strengths"},{"name":"column","content":"Weakness"}]}]}]},"extensions":[{"provider":"org.xmind.ui.skeleton.structure.style","content":{"centralTopic":"org.xmind.ui.fishbone.leftHeaded","mainTopic":"org.xmind.ui.fishbone.leftHeaded"}}],"theme":{"id":"6cf744a7-d07c-4f89-870b-b52bb47287f3","centralTopic":{"id":"5f73b056-6ef8-46c7-85d9-bbd9ec064198","properties":{"line-color":"#141414","fo:color":"#ffffff","shape-class":"org.xmind.topicShape.roundedRect","border-line-width":"0pt","line-class":"org.xmind.branchConnection.curve","line-width":"2pt","fo:font-family":"NeverMind Condense","fo:font-style":"normal","fo:font-weight":600,"fo:font-size":"28pt","fo:text-transform":"manual","fo:text-decoration":"none","svg:fill":"#3949AB"}},"mainTopic":{"id":"f9f8ae08-578b-47ff-a021-5dc736f59bfd","properties":{"svg:fill":"none","fo:color":"#141414","shape-class":"org.xmind.topicShape.doubleunderline","line-class":"org.xmind.branchConnection.curve","fo:font-family":"NeverMind Condense","fo:font-style":"normal","fo:font-weight":600,"fo:font-size":"18pt","fo:text-transform":"manual","fo:text-decoration":"none"}},"subTopic":{"id":"3d23683f-6506-4dc6-bb33-7a08cf820c24","properties":{"svg:fill":"none","fo:color":"#141414","shape-class":"org.xmind.topicShape.roundedRect","border-line-width":"0pt","line-class":"org.xmind.branchConnection.roundedfold","fo:font-family":"NeverMind Condense","fo:font-style":"normal","fo:font-weight":400,"fo:font-size":"14pt","fo:text-transform":"manual","fo:text-decoration":"none"}},"summaryTopic":{"id":"939df892-d04d-4863-9a43-729790899441","properties":{"svg:fill":"none","border-line-color":"#00897B","fo:color":"#141414","shape-class":"org.xmind.topicShape.roundedRect","line-class":"org.xmind.branchConnection.roundedfold","fo:font-family":"NeverMind Condense","fo:font-style":"normal","fo:font-weight":400,"fo:font-size":"14pt","fo:text-transform":"manual","fo:text-decoration":"none"}},"calloutTopic":{"id":"87970bbd-d882-432b-85e9-ece0022bdc02","properties":{"svg:fill":"#00897B","border-line-color":"#00897B","fo:color":"#ffffff"}},"floatingTopic":{"id":"690d4abe-80ef-40f7-91f8-e389fe37a17c","properties":{"border-line-color":"#141414","fo:color":"#ffffff","shape-class":"org.xmind.topicShape.roundedRect","border-line-width":"0pt","line-class":"org.xmind.branchConnection.curve","fo:font-family":"NeverMind Condense","fo:font-style":"normal","fo:font-weight":600,"fo:font-size":"14pt","fo:text-transform":"manual","fo:text-decoration":"none","svg:fill":"#00897B"}},"boundary":{"id":"d04bcac3-ae18-44e1-a4da-68020154872e","properties":{"svg:fill":"#00897B","line-color":"#00897B","fo:color":"#ffffff","shape-class":"org.xmind.boundaryShape.roundedRect","line-width":"1","line-pattern":"dash","fo:font-family":"'NeverMind Condense','NeverMind','NeverMind','NeverMind','NeverMind','NeverMind','Microsoft YaHei','PingFang SC','Microsoft JhengHei','sans-serif','NeverMind','Microsoft YaHei','PingFang SC','Microsoft JhengHei','sans-serif','NeverMind','Microsoft YaHei','PingFang SC','Microsoft JhengHei','sans-serif','NeverMind','Microsoft YaHei','PingFang SC','Microsoft JhengHei','sans-serif','NeverMind','Microsoft YaHei','PingFang SC','Microsoft JhengHei',sans-serif","fo:font-style":"normal","fo:font-weight":500,"fo:font-size":"14pt","fo:text-transform":"manual","fo:text-decoration":"none"}},"summary":{"id":"ab30daae-3734-4fb6-b966-91a3ff264da5","properties":{"line-color":"#00897B","shape-class":"org.xmind.summaryShape.angle","line-width":"2pt"}},"relationship":{"id":"e003e81b-e935-4246-8c9f-979e20d7d004","properties":{"line-color":"#00897B","fo:color":"#141414","shape-class":"org.xmind.relationshipShape.curved","line-width":"1","arrow-begin-class":"org.xmind.arrowShape.dot","arrow-end-class":"org.xmind.arrowShape.triangle","line-pattern":"dot","fo:text-align":"center","fo:font-family":"'NeverMind Condense','NeverMind','NeverMind','NeverMind','NeverMind','NeverMind','Microsoft YaHei','PingFang SC','Microsoft JhengHei','sans-serif','NeverMind','Microsoft YaHei','PingFang SC','Microsoft JhengHei','sans-serif','NeverMind','Microsoft YaHei','PingFang SC','Microsoft JhengHei','sans-serif','NeverMind','Microsoft YaHei','PingFang SC','Microsoft JhengHei','sans-serif','NeverMind','Microsoft YaHei','PingFang SC','Microsoft JhengHei',sans-serif","fo:font-style":"normal","fo:font-weight":500,"fo:font-size":"13pt","fo:text-transform":"manual","fo:text-decoration":"none"}},"map":{"id":"7096df7a-f979-4f41-a401-b159a5781442","properties":{"svg:fill":"#ffffff","multi-line-colors":"","line-tapered":"none"}},"importantTopic":{"id":"71bf35a5-2eaa-4de4-afa8-99228fac4bb5","properties":{"svg:fill":"#e53935","border-line-color":"#141414","fo:color":"#ffffff"}},"minorTopic":{"id":"21511ead-90aa-48f0-8829-c170850dcd66","properties":{"svg:fill":"#FB8C00","border-line-color":"#FB8C00","fo:color":"#141414"}},"colorThemeId":"f079c1b6-809d-4e96-a846-bac157e0b71f","expiredTopic":{"id":"e1310a84-1f84-43ea-abec-e1f8bc021e9d","properties":{"fo:text-decoration":"line-through"}},"skeletonThemeId":"401842e4d049428cfe841a1879"},"topicPositioning":"fixed"}]