[{"id":"979a60cb197a272b630b19b5bc","class":"sheet","title":"Map 1","rootTopic":{"id":"fea83592cc5a465654c6b81e55","class":"topic","title":"Web Scraping","structureClass":"org.xmind.ui.fishbone.leftHeaded","children":{"attached":[{"id":"693b15d26c2aa52122eb58aade","title":"Client Side ","children":{"attached":[{"title":"Spamming requests through scripting","id":"a2610b88-a718-479c-a736-fc4d046054b0","children":{"attached":[{"title":"Captcha Service Down","id":"30b58777-0297-4bf7-8a1c-7fdedf47c398"}]}},{"title":"Creating multiple accounts","id":"a0a1fc67-da21-4ae8-bd66-19bd101e8832"}]}},{"id":"1dd80eb3c7fae56a0fcf592f74","title":"Dependencies","children":{"attached":[{"title":"Breaking changes in a dependency due to the updated version","id":"a685a074-ab4e-4ec4-b613-981f42c2cd68","children":{"attached":[{"title":"Unchecked dependency installation","id":"9d389341-5623-4166-9a39-e0f29b88a1c8"}]}},{"title":"Vulnerability in the dependency","id":"87e6895f-b6a4-4cbb-b836-3051b778e6eb","children":{"attached":[{"title":"Using outdated or unpatched packages","id":"c8313897-52f4-49a4-9ba7-0a2b87a00968"}]}}]}},{"title":"URL Endpoint","id":"6dc7abd5-68bc-43d6-9861-80f704c9eedc","children":{"attached":[{"title":"Predicatble endpoints","id":"56fa5e7e-7182-4fdc-9440-866faa18f669","children":{"attached":[{"title":"Implementing dev-understandable endpoints ","id":"a7bba22a-16aa-4c00-995a-b9c523d16c48"}]}},{"title":"Unauthorized user redirected to secure endpoint ","id":"136bf000-49ea-4421-b74b-5910be6e7090","children":{"attached":[{"title":"BrowserRouter implemented with  unauthorized routes ","id":"2eaad61f-fe01-4a39-b1e2-23e02ecf89fc"}]}}]}},{"id":"af3908d3ea68f3597804db95e3","title":"Method of Implementation","children":{"attached":[{"title":"DDOS","id":"6ee81e37-3b7a-47ec-a033-fa9e97304adb","children":{"attached":[{"title":"Weak Security by Web Server Host ","id":"3d0a9192-9b77-4b61-99fe-a1ca25f0782d"}]}}]},"position":{"x":1342.800048828125,"y":5.800018310546875}}]},"extensions":[{"content":[{"content":"2","name":"right-number"}],"provider":"org.xmind.ui.map.unbalanced"},{"provider":"org.xmind.ui.spreadsheet","content":[{"name":"columns","content":[{"name":"column","content":"Strengths"},{"name":"column","content":"Weakness"}]}]}]},"extensions":[{"provider":"org.xmind.ui.skeleton.structure.style","content":{"centralTopic":"org.xmind.ui.fishbone.leftHeaded","mainTopic":"org.xmind.ui.fishbone.leftHeaded"}}],"theme":{"id":"12a5804d-86b8-4f5d-90f2-dc80f8166b06","centralTopic":{"id":"5f73b056-6ef8-46c7-85d9-bbd9ec064198","properties":{"line-color":"#141414","fo:color":"#ffffff","shape-class":"org.xmind.topicShape.roundedRect","border-line-width":"0pt","line-class":"org.xmind.branchConnection.curve","line-width":"2pt","fo:font-family":"NeverMind Condense","fo:font-style":"normal","fo:font-weight":600,"fo:font-size":"28pt","fo:text-transform":"manual","fo:text-decoration":"none","svg:fill":"#00897B"}},"mainTopic":{"id":"f9f8ae08-578b-47ff-a021-5dc736f59bfd","properties":{"svg:fill":"none","fo:color":"#141414","shape-class":"org.xmind.topicShape.doubleunderline","line-class":"org.xmind.branchConnection.curve","fo:font-family":"NeverMind Condense","fo:font-style":"normal","fo:font-weight":600,"fo:font-size":"18pt","fo:text-transform":"manual","fo:text-decoration":"none"}},"subTopic":{"id":"3d23683f-6506-4dc6-bb33-7a08cf820c24","properties":{"svg:fill":"none","fo:color":"#141414","shape-class":"org.xmind.topicShape.roundedRect","border-line-width":"0pt","line-class":"org.xmind.branchConnection.roundedfold","fo:font-family":"NeverMind Condense","fo:font-style":"normal","fo:font-weight":400,"fo:font-size":"14pt","fo:text-transform":"manual","fo:text-decoration":"none"}},"summaryTopic":{"id":"939df892-d04d-4863-9a43-729790899441","properties":{"svg:fill":"none","border-line-color":"#FB8C00","fo:color":"#141414","shape-class":"org.xmind.topicShape.roundedRect","line-class":"org.xmind.branchConnection.roundedfold","fo:font-family":"NeverMind Condense","fo:font-style":"normal","fo:font-weight":400,"fo:font-size":"14pt","fo:text-transform":"manual","fo:text-decoration":"none"}},"calloutTopic":{"id":"87970bbd-d882-432b-85e9-ece0022bdc02","properties":{"svg:fill":"#FB8C00","border-line-color":"#FB8C00","fo:color":"#141414"}},"floatingTopic":{"id":"690d4abe-80ef-40f7-91f8-e389fe37a17c","properties":{"border-line-color":"#141414","fo:color":"#141414","shape-class":"org.xmind.topicShape.roundedRect","border-line-width":"0pt","line-class":"org.xmind.branchConnection.curve","fo:font-family":"NeverMind Condense","fo:font-style":"normal","fo:font-weight":600,"fo:font-size":"14pt","fo:text-transform":"manual","fo:text-decoration":"none","svg:fill":"#FB8C00"}},"boundary":{"id":"d04bcac3-ae18-44e1-a4da-68020154872e","properties":{"svg:fill":"#FB8C00","line-color":"#FB8C00","fo:color":"#141414","shape-class":"org.xmind.boundaryShape.roundedRect","line-width":"1","line-pattern":"dash","fo:font-family":"'NeverMind Condense','NeverMind','NeverMind','NeverMind','NeverMind','NeverMind','Microsoft YaHei','PingFang SC','Microsoft JhengHei','sans-serif','NeverMind','Microsoft YaHei','PingFang SC','Microsoft JhengHei','sans-serif','NeverMind','Microsoft YaHei','PingFang SC','Microsoft JhengHei','sans-serif','NeverMind','Microsoft YaHei','PingFang SC','Microsoft JhengHei','sans-serif','NeverMind','Microsoft YaHei','PingFang SC','Microsoft JhengHei',sans-serif","fo:font-style":"normal","fo:font-weight":500,"fo:font-size":"14pt","fo:text-transform":"manual","fo:text-decoration":"none"}},"summary":{"id":"ab30daae-3734-4fb6-b966-91a3ff264da5","properties":{"line-color":"#FB8C00","shape-class":"org.xmind.summaryShape.angle","line-width":"2pt"}},"relationship":{"id":"e003e81b-e935-4246-8c9f-979e20d7d004","properties":{"line-color":"#FB8C00","fo:color":"#141414","shape-class":"org.xmind.relationshipShape.curved","line-width":"1","arrow-begin-class":"org.xmind.arrowShape.dot","arrow-end-class":"org.xmind.arrowShape.triangle","line-pattern":"dot","fo:text-align":"center","fo:font-family":"'NeverMind Condense','NeverMind','NeverMind','NeverMind','NeverMind','NeverMind','Microsoft YaHei','PingFang SC','Microsoft JhengHei','sans-serif','NeverMind','Microsoft YaHei','PingFang SC','Microsoft JhengHei','sans-serif','NeverMind','Microsoft YaHei','PingFang SC','Microsoft JhengHei','sans-serif','NeverMind','Microsoft YaHei','PingFang SC','Microsoft JhengHei','sans-serif','NeverMind','Microsoft YaHei','PingFang SC','Microsoft JhengHei',sans-serif","fo:font-style":"normal","fo:font-weight":500,"fo:font-size":"13pt","fo:text-transform":"manual","fo:text-decoration":"none"}},"map":{"id":"7096df7a-f979-4f41-a401-b159a5781442","properties":{"svg:fill":"#ffffff","multi-line-colors":"","line-tapered":"none"}},"importantTopic":{"id":"71bf35a5-2eaa-4de4-afa8-99228fac4bb5","properties":{"svg:fill":"#e53935","border-line-color":"#141414","fo:color":"#ffffff"}},"minorTopic":{"id":"21511ead-90aa-48f0-8829-c170850dcd66","properties":{"svg:fill":"#FB8C00","border-line-color":"#FB8C00","fo:color":"#141414"}},"colorThemeId":"05db3f7d-5a17-4a42-8198-f6b444089830","expiredTopic":{"id":"f8d2d235-58be-46f8-bb7e-03024ff00af9","properties":{"fo:text-decoration":"line-through"}},"skeletonThemeId":"401842e4d049428cfe841a1879"},"topicPositioning":"fixed","style":{"id":"70c1b43a-0c7c-4ad4-b37f-f2251737dcf0","properties":{"cjk-font-family":"Yu Gothic"}}}]